https://s3.amazonaws.com/startup-systems-final-images/6461517483.jpg,62771
https://s3.amazonaws.com/startup-systems-final-images/6461496097.jpg,36746
https://s3.amazonaws.com/startup-systems-final-images/11072923564.jpg,26275
https://s3.amazonaws.com/startup-systems-final-images/14596154550.jpg,10966
https://s3.amazonaws.com/startup-systems-final-images/5875353015.jpg,12038
https://s3.amazonaws.com/startup-systems-final-images/8120447211.jpg,16332
https://s3.amazonaws.com/startup-systems-final-images/14765937055.jpg,10779
https://s3.amazonaws.com/startup-systems-final-images/3460578561.jpg,256
https://s3.amazonaws.com/startup-systems-final-images/14584570989.jpg,14507
https://s3.amazonaws.com/startup-systems-final-images/14150422750.jpg,256
https://s3.amazonaws.com/startup-systems-final-images/14765942535.jpg,11007
https://s3.amazonaws.com/startup-systems-final-images/14763591474.jpg,12386
https://s3.amazonaws.com/startup-systems-final-images/14566401608.jpg,39548
https://s3.amazonaws.com/startup-systems-final-images/15173745189.jpg,24524
https://s3.amazonaws.com/startup-systems-final-images/18551345830.jpg,13971
https://s3.amazonaws.com/startup-systems-final-images/15360187182.jpg,10866
https://s3.amazonaws.com/startup-systems-final-images/23903923883.jpg,256
https://s3.amazonaws.com/startup-systems-final-images/14782511552.jpg,12875
https://s3.amazonaws.com/startup-systems-final-images/11102175403.jpg,19858
https://s3.amazonaws.com/startup-systems-final-images/14768049301.jpg,26235
https://s3.amazonaws.com/startup-systems-final-images/14768050491.jpg,18654
https://s3.amazonaws.com/startup-systems-final-images/3092975077.jpg,47049
https://s3.amazonaws.com/startup-systems-final-images/14788175283.jpg,6288
https://s3.amazonaws.com/startup-systems-final-images/11293305253.jpg,16692
https://s3.amazonaws.com/startup-systems-final-images/11027608156.jpg,12085
https://s3.amazonaws.com/startup-systems-final-images/14748230096.jpg,16689
https://s3.amazonaws.com/startup-systems-final-images/25023468184.jpg,256
https://s3.amazonaws.com/startup-systems-final-images/14150367979.jpg,256
https://s3.amazonaws.com/startup-systems-final-images/18734167722.jpg,16948
https://s3.amazonaws.com/startup-systems-final-images/14579051167.jpg,40021
https://s3.amazonaws.com/startup-systems-final-images/14579488917.jpg,11372
https://s3.amazonaws.com/startup-systems-final-images/11302111724.jpg,29403
https://s3.amazonaws.com/startup-systems-final-images/14770951373.jpg,6914
https://s3.amazonaws.com/startup-systems-final-images/14774083415.jpg,26944
https://s3.amazonaws.com/startup-systems-final-images/14584508530.jpg,12960
https://s3.amazonaws.com/startup-systems-final-images/11300903994.jpg,10425
https://s3.amazonaws.com/startup-systems-final-images/14765939415.jpg,10622
https://s3.amazonaws.com/startup-systems-final-images/14768067881.jpg,18437
https://s3.amazonaws.com/startup-systems-final-images/14765619892.jpg,18871
https://s3.amazonaws.com/startup-systems-final-images/14580575787.jpg,6140
https://s3.amazonaws.com/startup-systems-final-images/3093592032.jpg,22803
https://s3.amazonaws.com/startup-systems-final-images/14579499997.jpg,17469
https://s3.amazonaws.com/startup-systems-final-images/14803026513.jpg,14456
https://s3.amazonaws.com/startup-systems-final-images/14584435180.jpg,12123
https://s3.amazonaws.com/startup-systems-final-images/14749901511.jpg,44152
https://s3.amazonaws.com/startup-systems-final-images/14584573570.jpg,15674
https://s3.amazonaws.com/startup-systems-final-images/14625344744.jpg,256
https://s3.amazonaws.com/startup-systems-final-images/14562041917.jpg,28312
https://s3.amazonaws.com/startup-systems-final-images/14580563490.jpg,19262
https://s3.amazonaws.com/startup-systems-final-images/14566383380.jpg,42483
https://s3.amazonaws.com/startup-systems-final-images/14781766011.jpg,256
https://s3.amazonaws.com/startup-systems-final-images/14761238086.jpg,4369
https://s3.amazonaws.com/startup-systems-final-images/14579485807.jpg,9671
https://s3.amazonaws.com/startup-systems-final-images/14753170975.jpg,42491
https://s3.amazonaws.com/startup-systems-final-images/14754096871.jpg,7358
https://s3.amazonaws.com/startup-systems-final-images/14763585514.jpg,10624
https://s3.amazonaws.com/startup-systems-final-images/14747196314.jpg,256
https://s3.amazonaws.com/startup-systems-final-images/14748130564.jpg,256
https://s3.amazonaws.com/startup-systems-final-images/11158029483.jpg,15507
https://s3.amazonaws.com/startup-systems-final-images/14760808504.jpg,9001
https://s3.amazonaws.com/startup-systems-final-images/14596329719.jpg,17564
https://s3.amazonaws.com/startup-systems-final-images/14763302305.jpg,47669
https://s3.amazonaws.com/startup-systems-final-images/14582388958.jpg,28021
https://s3.amazonaws.com/startup-systems-final-images/14760356906.jpg,9847
https://s3.amazonaws.com/startup-systems-final-images/14769813715.jpg,13679
https://s3.amazonaws.com/startup-systems-final-images/14766301754.jpg,9964
https://s3.amazonaws.com/startup-systems-final-images/11152743034.jpg,15090
https://s3.amazonaws.com/startup-systems-final-images/14765984284.jpg,10087
https://s3.amazonaws.com/startup-systems-final-images/14735070736.jpg,17645
https://s3.amazonaws.com/startup-systems-final-images/15173974487.jpg,16054
https://s3.amazonaws.com/startup-systems-final-images/14579721979.jpg,22598
https://s3.amazonaws.com/startup-systems-final-images/14733966476.jpg,14911
https://s3.amazonaws.com/startup-systems-final-images/14732375626.jpg,12402
https://s3.amazonaws.com/startup-systems-final-images/14790017403.jpg,10706
https://s3.amazonaws.com/startup-systems-final-images/14597525198.jpg,20402
https://s3.amazonaws.com/startup-systems-final-images/14785814433.jpg,16011
https://s3.amazonaws.com/startup-systems-final-images/14749515895.jpg,256
https://s3.amazonaws.com/startup-systems-final-images/14757098525.jpg,13812
https://s3.amazonaws.com/startup-systems-final-images/14596408159.jpg,9797
https://s3.amazonaws.com/startup-systems-final-images/14764339865.jpg,11278
https://s3.amazonaws.com/startup-systems-final-images/23883982679.jpg,256
https://s3.amazonaws.com/startup-systems-final-images/14793759273.jpg,13836
https://s3.amazonaws.com/startup-systems-final-images/13089969535.jpg,17472
https://s3.amazonaws.com/startup-systems-final-images/14596859280.jpg,7910
https://s3.amazonaws.com/startup-systems-final-images/14756871415.jpg,6287
https://s3.amazonaws.com/startup-systems-final-images/11154606883.jpg,13869
https://s3.amazonaws.com/startup-systems-final-images/14570484537.jpg,8730
https://s3.amazonaws.com/startup-systems-final-images/14763774044.jpg,25974
https://s3.amazonaws.com/startup-systems-final-images/14732631226.jpg,14963
https://s3.amazonaws.com/startup-systems-final-images/14760988124.jpg,6065
https://s3.amazonaws.com/startup-systems-final-images/14779730691.jpg,7162
https://s3.amazonaws.com/startup-systems-final-images/14749719255.jpg,13047
https://s3.amazonaws.com/startup-systems-final-images/14764431555.jpg,10236
https://s3.amazonaws.com/startup-systems-final-images/14770917202.jpg,16803
https://s3.amazonaws.com/startup-systems-final-images/14749234014.jpg,56313
https://s3.amazonaws.com/startup-systems-final-images/14581133780.jpg,12981
https://s3.amazonaws.com/startup-systems-final-images/14754155911.jpg,8083
https://s3.amazonaws.com/startup-systems-final-images/14576664158.jpg,8312
https://s3.amazonaws.com/startup-systems-final-images/14804100463.jpg,12017
https://s3.amazonaws.com/startup-systems-final-images/14771250372.jpg,27526
